id,first_name,last_name,email
f47ac10b-58cc-4372-a567-0e02b2c3d479,John,Doe,john.doe@example.com
7b902bc4-43fd-4a13-95b9-681009c21256,Jane,Smith,jane.smith@example.com
c49ee8f8-d8dc-4483-83eb-5712025b7730,Alice,Johnson,alice.johnson@example.com
8a9c6a1b-1f91-42c4-bb10-31eeb7d64823,Bob,Brown,bob.brown@example.com
c5cfec53-414a-4586-a8d5-d0a6f23f0bb2,Eva,Martinez,eva.martinez@example.com
a946021d-c3e4-456e-bd6b-f27d9b4376a1,Michael,Davis,michael.davis@example.com
d58a78a9-0d0f-47e4-93c4-7e9fb454c5a0,Sara,Wilson,sara.wilson@example.com
90a4410c-d0ac-4e18-8f10-7f4e17e8a999,David,Taylor,david.taylor@example.com
f49df5b0-0a67-42e2-8555-573ec777eb02,Laura,Garcia,laura.garcia@example.com
d8d29f11-d569-47c0-a445-2b1636ee19b2,Chris,Lee,chris.lee@example.com
